,0,1
0,page_0_0.jpg,0
1,page_0_1.jpg,1
2,page_0_2.jpg,2
3,page_0_3.jpg,3
4,page_0_4.jpg,0
5,page_0_5.jpg,1
6,page_0_6.jpg,2
7,page_0_7.jpg,3
8,page_0_8.jpg,0
9,page_0_9.jpg,1
10,page_10_0.jpg,2
11,page_10_1.jpg,3
12,page_10_2.jpg,0
13,page_10_3.jpg,1
14,page_10_4.jpg,2
15,page_10_5.jpg,3
16,page_10_6.jpg,0
17,page_11_0.jpg,1
18,page_11_1.jpg,2
19,page_11_10.jpg,3
20,page_11_11.jpg,0
21,page_11_12.jpg,1
22,page_11_13.jpg,2
23,page_11_14.jpg,3
24,page_11_2.jpg,0
25,page_11_3.jpg,1
26,page_11_4.jpg,2
27,page_11_5.jpg,3
28,page_11_6.jpg,0
29,page_11_7.jpg,1
30,page_11_8.jpg,2
31,page_11_9.jpg,3
32,page_12_0.jpg,0
33,page_12_1.jpg,1
34,page_12_10.jpg,2
35,page_12_11.jpg,3
36,page_12_12.jpg,0
37,page_12_13.jpg,1
38,page_12_2.jpg,2
39,page_12_3.jpg,3
40,page_12_4.jpg,0
41,page_12_5.jpg,1
42,page_12_6.jpg,2
43,page_12_7.jpg,3
44,page_12_8.jpg,0
45,page_12_9.jpg,1
46,page_13_0.jpg,2
47,page_13_1.jpg,3
48,page_13_10.jpg,0
49,page_13_11.jpg,1
50,page_13_12.jpg,2
51,page_13_13.jpg,3
52,page_13_14.jpg,0
53,page_13_15.jpg,1
54,page_13_16.jpg,2
55,page_13_17.jpg,3
56,page_13_18.jpg,0
57,page_13_19.jpg,1
58,page_13_2.jpg,2
59,page_13_20.jpg,3
60,page_13_21.jpg,0
61,page_13_22.jpg,1
62,page_13_23.jpg,2
63,page_13_24.jpg,3
64,page_13_25.jpg,0
65,page_13_26.jpg,1
66,page_13_3.jpg,2
67,page_13_4.jpg,3
68,page_13_5.jpg,0
69,page_13_6.jpg,1
70,page_13_7.jpg,2
71,page_13_8.jpg,3
72,page_13_9.jpg,0
73,page_14_0.jpg,1
74,page_15_0.jpg,2
75,page_15_1.jpg,3
76,page_15_10.jpg,0
77,page_15_11.jpg,1
78,page_15_12.jpg,2
79,page_15_13.jpg,3
80,page_15_2.jpg,0
81,page_15_3.jpg,1
82,page_15_4.jpg,2
83,page_15_5.jpg,3
84,page_15_6.jpg,0
85,page_15_7.jpg,1
86,page_15_8.jpg,2
87,page_15_9.jpg,3
88,page_16_0.jpg,0
89,page_16_1.jpg,1
90,page_16_10.jpg,2
91,page_16_11.jpg,3
92,page_16_12.jpg,0
93,page_16_13.jpg,1
94,page_16_14.jpg,2
95,page_16_15.jpg,3
96,page_16_16.jpg,0
97,page_16_17.jpg,1
98,page_16_18.jpg,2
99,page_16_19.jpg,3
100,page_16_2.jpg,0
101,page_16_20.jpg,1
102,page_16_21.jpg,2
103,page_16_22.jpg,3
104,page_16_23.jpg,0
105,page_16_24.jpg,1
106,page_16_25.jpg,2
107,page_16_26.jpg,3
108,page_16_27.jpg,0
109,page_16_28.jpg,1
110,page_16_29.jpg,2
111,page_16_3.jpg,3
112,page_16_30.jpg,0
113,page_16_31.jpg,1
114,page_16_32.jpg,2
115,page_16_33.jpg,3
116,page_16_34.jpg,0
117,page_16_35.jpg,1
118,page_16_36.jpg,2
119,page_16_37.jpg,3
120,page_16_38.jpg,0
121,page_16_39.jpg,1
122,page_16_4.jpg,2
123,page_16_40.jpg,3
124,page_16_41.jpg,0
125,page_16_42.jpg,1
126,page_16_43.jpg,2
127,page_16_44.jpg,3
128,page_16_45.jpg,0
129,page_16_46.jpg,1
130,page_16_47.jpg,2
131,page_16_48.jpg,3
132,page_16_49.jpg,0
133,page_16_5.jpg,1
134,page_16_50.jpg,2
135,page_16_51.jpg,3
136,page_16_52.jpg,0
137,page_16_53.jpg,1
138,page_16_54.jpg,2
139,page_16_55.jpg,3
140,page_16_56.jpg,0
141,page_16_57.jpg,1
142,page_16_58.jpg,2
143,page_16_59.jpg,3
144,page_16_6.jpg,0
145,page_16_7.jpg,1
146,page_16_8.jpg,2
147,page_16_9.jpg,3
148,page_17_0.jpg,0
149,page_17_1.jpg,1
150,page_17_10.jpg,2
151,page_17_11.jpg,3
152,page_17_12.jpg,0
153,page_17_13.jpg,1
154,page_17_14.jpg,2
155,page_17_15.jpg,3
156,page_17_16.jpg,0
157,page_17_17.jpg,1
158,page_17_18.jpg,2
159,page_17_19.jpg,3
160,page_17_2.jpg,0
161,page_17_20.jpg,1
162,page_17_21.jpg,2
163,page_17_22.jpg,3
164,page_17_23.jpg,0
165,page_17_24.jpg,1
166,page_17_25.jpg,2
167,page_17_26.jpg,3
168,page_17_27.jpg,0
169,page_17_28.jpg,1
170,page_17_29.jpg,2
171,page_17_3.jpg,3
172,page_17_30.jpg,0
173,page_17_31.jpg,1
174,page_17_32.jpg,2
175,page_17_33.jpg,3
176,page_17_4.jpg,0
177,page_17_5.jpg,1
178,page_17_6.jpg,2
179,page_17_7.jpg,3
180,page_17_8.jpg,0
181,page_17_9.jpg,1
182,page_18_0.jpg,2
183,page_18_1.jpg,3
184,page_18_10.jpg,0
185,page_18_11.jpg,1
186,page_18_12.jpg,2
187,page_18_13.jpg,3
188,page_18_14.jpg,0
189,page_18_15.jpg,1
190,page_18_16.jpg,2
191,page_18_17.jpg,3
192,page_18_18.jpg,0
193,page_18_19.jpg,1
194,page_18_2.jpg,2
195,page_18_20.jpg,3
196,page_18_21.jpg,0
197,page_18_22.jpg,1
198,page_18_23.jpg,2
199,page_18_24.jpg,3
200,page_18_25.jpg,0
201,page_18_26.jpg,1
202,page_18_27.jpg,2
203,page_18_28.jpg,3
204,page_18_29.jpg,0
205,page_18_3.jpg,1
206,page_18_30.jpg,2
207,page_18_31.jpg,3
208,page_18_32.jpg,0
209,page_18_33.jpg,1
210,page_18_4.jpg,2
211,page_18_5.jpg,3
212,page_18_6.jpg,0
213,page_18_7.jpg,1
214,page_18_8.jpg,2
215,page_18_9.jpg,3
216,page_19_0.jpg,0
217,page_19_1.jpg,1
218,page_19_2.jpg,2
219,page_19_3.jpg,3
220,page_1_0.jpg,0
221,page_1_1.jpg,1
222,page_1_2.jpg,2
223,page_1_3.jpg,3
224,page_1_4.jpg,0
225,page_1_5.jpg,1
226,page_1_6.jpg,2
227,page_1_7.jpg,3
228,page_1_8.jpg,0
229,page_20_0.jpg,1
230,page_20_1.jpg,2
231,page_20_10.jpg,3
232,page_20_11.jpg,0
233,page_20_12.jpg,1
234,page_20_13.jpg,2
235,page_20_14.jpg,3
236,page_20_15.jpg,0
237,page_20_16.jpg,1
238,page_20_17.jpg,2
239,page_20_18.jpg,3
240,page_20_19.jpg,0
241,page_20_2.jpg,1
242,page_20_20.jpg,2
243,page_20_21.jpg,3
244,page_20_22.jpg,0
245,page_20_23.jpg,1
246,page_20_24.jpg,2
247,page_20_25.jpg,3
248,page_20_26.jpg,0
249,page_20_27.jpg,1
250,page_20_28.jpg,2
251,page_20_29.jpg,3
252,page_20_3.jpg,0
253,page_20_30.jpg,1
254,page_20_31.jpg,2
255,page_20_32.jpg,3
256,page_20_33.jpg,0
257,page_20_34.jpg,1
258,page_20_35.jpg,2
259,page_20_36.jpg,3
260,page_20_37.jpg,0
261,page_20_38.jpg,1
262,page_20_39.jpg,2
263,page_20_4.jpg,3
264,page_20_40.jpg,0
265,page_20_41.jpg,1
266,page_20_42.jpg,2
267,page_20_43.jpg,3
268,page_20_44.jpg,0
269,page_20_45.jpg,1
270,page_20_46.jpg,2
271,page_20_47.jpg,3
272,page_20_48.jpg,0
273,page_20_49.jpg,1
274,page_20_5.jpg,2
275,page_20_50.jpg,3
276,page_20_51.jpg,0
277,page_20_52.jpg,1
278,page_20_53.jpg,2
279,page_20_54.jpg,3
280,page_20_55.jpg,0
281,page_20_6.jpg,1
282,page_20_7.jpg,2
283,page_20_8.jpg,3
284,page_20_9.jpg,0
285,page_21_0.jpg,1
286,page_21_1.jpg,2
287,page_21_10.jpg,3
288,page_21_11.jpg,0
289,page_21_12.jpg,1
290,page_21_13.jpg,2
291,page_21_14.jpg,3
292,page_21_15.jpg,0
293,page_21_16.jpg,1
294,page_21_17.jpg,2
295,page_21_18.jpg,3
296,page_21_19.jpg,0
297,page_21_2.jpg,1
298,page_21_20.jpg,2
299,page_21_21.jpg,3
300,page_21_22.jpg,0
301,page_21_23.jpg,1
302,page_21_24.jpg,2
303,page_21_25.jpg,3
304,page_21_26.jpg,0
305,page_21_27.jpg,1
306,page_21_28.jpg,2
307,page_21_29.jpg,3
308,page_21_3.jpg,0
309,page_21_30.jpg,1
310,page_21_31.jpg,2
311,page_21_32.jpg,3
312,page_21_33.jpg,0
313,page_21_34.jpg,1
314,page_21_35.jpg,2
315,page_21_36.jpg,3
316,page_21_37.jpg,0
317,page_21_38.jpg,1
318,page_21_39.jpg,2
319,page_21_4.jpg,3
320,page_21_40.jpg,0
321,page_21_41.jpg,1
322,page_21_42.jpg,2
323,page_21_43.jpg,3
324,page_21_44.jpg,0
325,page_21_45.jpg,1
326,page_21_46.jpg,2
327,page_21_47.jpg,3
328,page_21_48.jpg,0
329,page_21_49.jpg,1
330,page_21_5.jpg,2
331,page_21_50.jpg,3
332,page_21_51.jpg,0
333,page_21_52.jpg,1
334,page_21_53.jpg,2
335,page_21_54.jpg,3
336,page_21_55.jpg,0
337,page_21_56.jpg,1
338,page_21_57.jpg,2
339,page_21_58.jpg,3
340,page_21_59.jpg,0
341,page_21_6.jpg,1
342,page_21_60.jpg,2
343,page_21_61.jpg,3
344,page_21_62.jpg,0
345,page_21_63.jpg,1
346,page_21_7.jpg,2
347,page_21_8.jpg,3
348,page_21_9.jpg,0
349,page_22_0.jpg,1
350,page_22_1.jpg,2
351,page_22_10.jpg,3
352,page_22_11.jpg,0
353,page_22_12.jpg,1
354,page_22_13.jpg,2
355,page_22_14.jpg,3
356,page_22_15.jpg,0
357,page_22_16.jpg,1
358,page_22_17.jpg,2
359,page_22_18.jpg,3
360,page_22_19.jpg,0
361,page_22_2.jpg,1
362,page_22_20.jpg,2
363,page_22_21.jpg,3
364,page_22_22.jpg,0
365,page_22_23.jpg,1
366,page_22_24.jpg,2
367,page_22_25.jpg,3
368,page_22_26.jpg,0
369,page_22_27.jpg,1
370,page_22_28.jpg,2
371,page_22_29.jpg,3
372,page_22_3.jpg,0
373,page_22_30.jpg,1
374,page_22_31.jpg,2
375,page_22_32.jpg,3
376,page_22_33.jpg,0
377,page_22_34.jpg,1
378,page_22_35.jpg,2
379,page_22_4.jpg,3
380,page_22_5.jpg,0
381,page_22_6.jpg,1
382,page_22_7.jpg,2
383,page_22_8.jpg,3
384,page_22_9.jpg,0
385,page_23_0.jpg,1
386,page_23_1.jpg,2
387,page_23_10.jpg,3
388,page_23_11.jpg,0
389,page_23_12.jpg,1
390,page_23_13.jpg,2
391,page_23_14.jpg,3
392,page_23_15.jpg,0
393,page_23_16.jpg,1
394,page_23_2.jpg,2
395,page_23_3.jpg,3
396,page_23_4.jpg,0
397,page_23_5.jpg,1
398,page_23_6.jpg,2
399,page_23_7.jpg,3
400,page_23_8.jpg,0
401,page_23_9.jpg,1
402,page_24_0.jpg,2
403,page_24_1.jpg,3
404,page_24_10.jpg,0
405,page_24_11.jpg,1
406,page_24_12.jpg,2
407,page_24_13.jpg,3
408,page_24_14.jpg,0
409,page_24_15.jpg,1
410,page_24_2.jpg,2
411,page_24_3.jpg,3
412,page_24_4.jpg,0
413,page_24_5.jpg,1
414,page_24_6.jpg,2
415,page_24_7.jpg,3
416,page_24_8.jpg,0
417,page_24_9.jpg,1
418,page_25_0.jpg,2
419,page_25_1.jpg,3
420,page_25_10.jpg,0
421,page_25_11.jpg,1
422,page_25_12.jpg,2
423,page_25_13.jpg,3
424,page_25_14.jpg,0
425,page_25_15.jpg,1
426,page_25_16.jpg,2
427,page_25_17.jpg,3
428,page_25_18.jpg,0
429,page_25_19.jpg,1
430,page_25_2.jpg,2
431,page_25_20.jpg,3
432,page_25_21.jpg,0
433,page_25_22.jpg,1
434,page_25_23.jpg,2
435,page_25_24.jpg,3
436,page_25_25.jpg,0
437,page_25_26.jpg,1
438,page_25_27.jpg,2
439,page_25_28.jpg,3
440,page_25_29.jpg,0
441,page_25_3.jpg,1
442,page_25_30.jpg,2
443,page_25_31.jpg,3
444,page_25_32.jpg,0
445,page_25_33.jpg,1
446,page_25_34.jpg,2
447,page_25_35.jpg,3
448,page_25_36.jpg,0
449,page_25_37.jpg,1
450,page_25_38.jpg,2
451,page_25_39.jpg,3
452,page_25_4.jpg,0
453,page_25_40.jpg,1
454,page_25_41.jpg,2
455,page_25_42.jpg,3
456,page_25_43.jpg,0
457,page_25_44.jpg,1
458,page_25_45.jpg,2
459,page_25_46.jpg,3
460,page_25_47.jpg,0
461,page_25_48.jpg,1
462,page_25_49.jpg,2
463,page_25_5.jpg,3
464,page_25_50.jpg,0
465,page_25_51.jpg,1
466,page_25_52.jpg,2
467,page_25_53.jpg,3
468,page_25_54.jpg,0
469,page_25_55.jpg,1
470,page_25_56.jpg,2
471,page_25_57.jpg,3
472,page_25_58.jpg,0
473,page_25_59.jpg,1
474,page_25_6.jpg,2
475,page_25_60.jpg,3
476,page_25_61.jpg,0
477,page_25_62.jpg,1
478,page_25_63.jpg,2
479,page_25_64.jpg,3
480,page_25_65.jpg,0
481,page_25_66.jpg,1
482,page_25_67.jpg,2
483,page_25_68.jpg,3
484,page_25_69.jpg,0
485,page_25_7.jpg,1
486,page_25_70.jpg,2
487,page_25_71.jpg,3
488,page_25_72.jpg,0
489,page_25_73.jpg,1
490,page_25_74.jpg,2
491,page_25_75.jpg,3
492,page_25_76.jpg,0
493,page_25_77.jpg,1
494,page_25_78.jpg,2
495,page_25_79.jpg,3
496,page_25_8.jpg,0
497,page_25_80.jpg,1
498,page_25_81.jpg,2
499,page_25_82.jpg,3
500,page_25_83.jpg,0
501,page_25_84.jpg,1
502,page_25_85.jpg,2
503,page_25_9.jpg,3
504,page_26_0.jpg,0
505,page_26_1.jpg,1
506,page_26_10.jpg,2
507,page_26_11.jpg,3
508,page_26_12.jpg,0
509,page_26_13.jpg,1
510,page_26_14.jpg,2
511,page_26_15.jpg,3
512,page_26_16.jpg,0
513,page_26_17.jpg,1
514,page_26_18.jpg,2
515,page_26_2.jpg,3
516,page_26_3.jpg,0
517,page_26_4.jpg,1
518,page_26_5.jpg,2
519,page_26_6.jpg,3
520,page_26_7.jpg,0
521,page_26_8.jpg,1
522,page_26_9.jpg,2
523,page_2_0.jpg,3
524,page_2_1.jpg,0
525,page_2_2.jpg,1
526,page_2_3.jpg,2
527,page_2_4.jpg,3
528,page_2_5.jpg,0
529,page_2_6.jpg,1
530,page_3_0.jpg,2
531,page_3_1.jpg,3
532,page_3_10.jpg,0
533,page_3_11.jpg,1
534,page_3_12.jpg,2
535,page_3_13.jpg,3
536,page_3_14.jpg,0
537,page_3_15.jpg,1
538,page_3_16.jpg,2
539,page_3_17.jpg,3
540,page_3_18.jpg,0
541,page_3_19.jpg,1
542,page_3_2.jpg,2
543,page_3_20.jpg,3
544,page_3_21.jpg,0
545,page_3_22.jpg,1
546,page_3_23.jpg,2
547,page_3_24.jpg,3
548,page_3_25.jpg,0
549,page_3_26.jpg,1
550,page_3_27.jpg,2
551,page_3_28.jpg,3
552,page_3_29.jpg,0
553,page_3_3.jpg,1
554,page_3_4.jpg,2
555,page_3_5.jpg,3
556,page_3_6.jpg,0
557,page_3_7.jpg,1
558,page_3_8.jpg,2
559,page_3_9.jpg,3
560,page_4_0.jpg,0
561,page_4_1.jpg,1
562,page_4_10.jpg,2
563,page_4_11.jpg,3
564,page_4_12.jpg,0
565,page_4_13.jpg,1
566,page_4_14.jpg,2
567,page_4_15.jpg,3
568,page_4_16.jpg,0
569,page_4_17.jpg,1
570,page_4_18.jpg,2
571,page_4_19.jpg,3
572,page_4_2.jpg,0
573,page_4_20.jpg,1
574,page_4_21.jpg,2
575,page_4_22.jpg,3
576,page_4_3.jpg,0
577,page_4_4.jpg,1
578,page_4_5.jpg,2
579,page_4_6.jpg,3
580,page_4_7.jpg,0
581,page_4_8.jpg,1
582,page_4_9.jpg,2
583,page_5_0.jpg,3
584,page_5_1.jpg,0
585,page_5_2.jpg,1
586,page_5_3.jpg,2
587,page_5_4.jpg,3
588,page_5_5.jpg,0
589,page_5_6.jpg,1
590,page_5_7.jpg,2
591,page_5_8.jpg,3
592,page_6_0.jpg,0
593,page_6_1.jpg,1
594,page_6_10.jpg,2
595,page_6_11.jpg,3
596,page_6_12.jpg,0
597,page_6_13.jpg,1
598,page_6_14.jpg,2
599,page_6_15.jpg,3
600,page_6_16.jpg,0
601,page_6_17.jpg,1
602,page_6_18.jpg,2
603,page_6_19.jpg,3
604,page_6_2.jpg,0
605,page_6_20.jpg,1
606,page_6_21.jpg,2
607,page_6_22.jpg,3
608,page_6_23.jpg,0
609,page_6_24.jpg,1
610,page_6_25.jpg,2
611,page_6_26.jpg,3
612,page_6_27.jpg,0
613,page_6_28.jpg,1
614,page_6_29.jpg,2
615,page_6_3.jpg,3
616,page_6_30.jpg,0
617,page_6_31.jpg,1
618,page_6_32.jpg,2
619,page_6_33.jpg,3
620,page_6_34.jpg,0
621,page_6_35.jpg,1
622,page_6_36.jpg,2
623,page_6_37.jpg,3
624,page_6_4.jpg,0
625,page_6_5.jpg,1
626,page_6_6.jpg,2
627,page_6_7.jpg,3
628,page_6_8.jpg,0
629,page_6_9.jpg,1
630,page_7_0.jpg,2
631,page_7_1.jpg,3
632,page_7_10.jpg,0
633,page_7_11.jpg,1
634,page_7_12.jpg,2
635,page_7_13.jpg,3
636,page_7_14.jpg,0
637,page_7_15.jpg,1
638,page_7_16.jpg,2
639,page_7_17.jpg,3
640,page_7_18.jpg,0
641,page_7_2.jpg,1
642,page_7_3.jpg,2
643,page_7_4.jpg,3
644,page_7_5.jpg,0
645,page_7_6.jpg,1
646,page_7_7.jpg,2
647,page_7_8.jpg,3
648,page_7_9.jpg,0
649,page_8_0.jpg,1
650,page_8_1.jpg,2
651,page_8_2.jpg,3
652,page_8_3.jpg,0
653,page_9_0.jpg,1
654,page_9_1.jpg,2
655,page_9_2.jpg,3
656,page_9_3.jpg,0
657,page_9_4.jpg,1
658,page_9_5.jpg,2